{"cameraMode":{"drawMode":0,"name":"Shaded","section":"Shading Mode"},"sceneLighting":false,"audioPlay":false,"sceneViewState":{"showFog":true,"showMaterialUpdate":true,"showSkybox":true,"showFlares":true,"showImageEffects":true,"showParticleSystems":true},"in2DMode":false,"pivot":{"x":-3.1897709369659426,"y":9.833681106567383,"z":16.138927459716798},"rotation":{"x":0.17063842713832856,"y":0.08913511782884598,"z":0.015502283349633217,"w":-0.9811742901802063},"size":10.0,"orthographic":false}