{"cameraMode":{"drawMode":0,"name":"Shaded","section":"Shading Mode"},"sceneLighting":false,"audioPlay":false,"sceneViewState":{"showFog":true,"showMaterialUpdate":true,"showSkybox":true,"showFlares":true,"showImageEffects":true,"showParticleSystems":true},"in2DMode":false,"pivot":{"x":99.4749755859375,"y":167.67796325683595,"z":44.66230010986328},"rotation":{"x":0.22280624508857728,"y":0.002920780796557665,"z":0.0006704946863465011,"w":-0.9748687744140625},"size":81.39410400390625,"orthographic":false}