{"cameraMode":{"drawMode":0,"name":"Shaded","section":"Shading Mode"},"sceneLighting":false,"audioPlay":false,"sceneViewState":{"showFog":true,"showMaterialUpdate":true,"showSkybox":true,"showFlares":true,"showImageEffects":true,"showParticleSystems":true},"in2DMode":false,"pivot":{"x":18.633434295654298,"y":5.119874477386475,"z":0.031207531690597535},"rotation":{"x":0.00009523327753413469,"y":0.9997935891151428,"z":-0.004808650352060795,"w":0.019799359142780305},"size":10.0,"orthographic":false}